{
  "accuracy": 0.5211656761547284,
  "f1": 0.44518272425249167,
  "roc_auc": 0.5377475609233443,
  "recall": 0.3772136349677551,
  "precision": 0.5430297671676982
}